INSERT INTO item (nome, tipo) VALUES
('Zulauf-McCullough', 'A'),
('Hackett-Stamm', 'A'),
('Tillman-Konopelski', 'A'),
('Kirlin-Bogan', 'A'),
('Block-Tillman', 'A'),
('Hegmann-Steuber', 'A'),
('Gerhold-McLaughlin', 'A'),
('Grimes-Ebert', 'A'),
('Kuhlman-Rosenbaum', 'A'),
('Cole-Wilderman', 'A'),
('Zemlak-Quigley', 'A'),
('Macejkovic-Okuneva', 'A'),
('Botsford-Kozey', 'A'),
('Kris-Douglas', 'A'),
('Brekke-Konopelski', 'A'),
('Wolf-Daniel', 'A'),
('Runolfsson-Roberts', 'A'),
('Roob-Mayert', 'A'),
('Kuhic-Cole', 'A'),
('Rowe-Padberg', 'A');

INSERT INTO trocavel (nome, tipo) VALUES
('Zulauf-McCullough', 'A'),
('Hackett-Stamm', 'A'),
('Tillman-Konopelski', 'A'),
('Kirlin-Bogan', 'A'),
('Block-Tillman', 'A'),
('Hegmann-Steuber', 'A'),
('Gerhold-McLaughlin', 'A'),
('Grimes-Ebert', 'A'),
('Kuhlman-Rosenbaum', 'A'),
('Cole-Wilderman', 'A'),
('Zemlak-Quigley', 'A'),
('Macejkovic-Okuneva', 'A'),
('Botsford-Kozey', 'A'),
('Kris-Douglas', 'A'),
('Brekke-Konopelski', 'A'),
('Wolf-Daniel', 'A'),
('Runolfsson-Roberts', 'A'),
('Roob-Mayert', 'A'),
('Kuhic-Cole', 'A'),
('Rowe-Padberg', 'A');

INSERT INTO equipamento (nome, tipo) VALUES
('Zulauf-McCullough', 'A'),
('Hackett-Stamm', 'A'),
('Tillman-Konopelski', 'A'),
('Kirlin-Bogan', 'A'),
('Block-Tillman', 'A'),
('Hegmann-Steuber', 'A'),
('Gerhold-McLaughlin', 'A'),
('Grimes-Ebert', 'A'),
('Kuhlman-Rosenbaum', 'A'),
('Cole-Wilderman', 'A'),
('Zemlak-Quigley', 'A'),
('Macejkovic-Okuneva', 'A'),
('Botsford-Kozey', 'A'),
('Kris-Douglas', 'A'),
('Brekke-Konopelski', 'A'),
('Wolf-Daniel', 'A'),
('Runolfsson-Roberts', 'A'),
('Roob-Mayert', 'A'),
('Kuhic-Cole', 'A'),
('Rowe-Padberg', 'A');


INSERT INTO arma (nome, descricao, quantidade_maxima, valor, nivel_minimo, dano_maximo, dano_critico, rolagens) VALUES
('Zulauf-McCullough', 'duis aliquam convallis', 11, 30, 86, 57, 81, 12),
('Hackett-Stamm', 'mus vivamus vestibulum', 5, 48, 49, 11, 88, 12),
('Tillman-Konopelski', 'in hac habitasse', 41, 11, 74, 55, 92, 5),
('Kirlin-Bogan', 'fusce congue diam', 17, 81, 42, 98, 25, 14),
('Block-Tillman', 'accumsan tellus nisi', 43, 28, 35, 96, 23, 10),
('Hegmann-Steuber', 'ipsum dolor sit', 42, 86, 73, 65, 83, 6),
('Gerhold-McLaughlin', 'bibendum felis sed', 44, 28, 32, 10, 23, 3),
('Grimes-Ebert', 'lacus purus aliquet', 39, 24, 76, 1, 37, 2),
('Kuhlman-Rosenbaum', 'penatibus et magnis', 44, 75, 90, 6, 53, 7),
('Cole-Wilderman', 'libero nullam sit', 5, 92, 60, 98, 69, 4),
('Zemlak-Quigley', 'magna ac consequat', 23, 26, 2, 33, 75, 12),
('Macejkovic-Okuneva', 'ut mauris eget', 48, 73, 95, 31, 10, 10),
('Botsford-Kozey', 'ligula sit amet', 31, 34, 14, 33, 22, 10),
('Kris-Douglas', 'auctor gravida sem', 24, 15, 79, 14, 7, 1),
('Brekke-Konopelski', 'odio porttitor id', 45, 21, 99, 10, 100, 6),
('Wolf-Daniel', 'vitae mattis nibh', 47, 58, 100, 36, 12, 10),
('Runolfsson-Roberts', 'sem sed sagittis', 44, 8, 65, 39, 13, 1),
('Roob-Mayert', 'porta volutpat quam', 40, 22, 37, 89, 89, 10),
('Kuhic-Cole', 'ridiculus mus etiam', 21, 66, 17, 52, 27, 12),
('Rowe-Padberg', 'tortor risus dapibus', 22, 58, 36, 40, 37, 12);
