INSERT INTO item(nome, tipo) VALUES
('Jóia da Mente', 'J'),
('Jóia do Poder', 'J'),
('Jóia do Espaço', 'J'),
('Jóia da Alma', 'J'),
('Jóia do Tempo', 'J'),
('Jóia da Realidade', 'J');

INSERT INTO coletavel(nome, tipo) VALUES
('Jóia da Mente', 'J'),
('Jóia do Poder', 'J'),
('Jóia do Espaço', 'J'),
('Jóia da Alma', 'J'),
('Jóia do Tempo', 'J'),
('Jóia da Realidade', 'J');

INSERT INTO joia (nome, descricao) VALUES
('Jóia da Mente', 'A Joia da Mente fornece acesso a todos os pensamentos e sonhos de qualquer ser. O seu portador ganha um portal para a consciência coletiva do universo inteiro.'),
('Jóia do Poder', 'A joia que dá acesso a todo o poder e energia que alguma vez existiu ou vai existir. O usuário que possuir essa joia se torna praticamente invencível, pois este objeto tem também a capacidade de fornecer energia ilimitada a qualquer máquina.'),
('Jóia do Espaço', 'Pense na Joia do Espaço como um portal instantâneo. O usuário desse objeto poderoso pode estar em qualquer lugar que desejar, podendo existir em vários lugares simultaneamente.'),
('Jóia da Alma', 'A Joia da Alma é frequentemente vista como a Joia da Mente elevada a um nível estratosférico. Quem possui a Joia da Alma tem a habilidade de roubar, manipular e alterar as almas dos vivos e dos mortos. Dentro desse artefato, encontram-se almas coletadas de diferentes seres, aprisionados em um limbo perpétuo.'),
('Jóia do Tempo', 'Imagine uma Joia capaz de transportar você para qualquer período histórico, seja no passado ou no futuro. A Joia do Tempo dá ao seu portador total domínio sobre a dimensão temporal, sendo capaz até de manipular os acontecimentos e alterar o rumo da história.'),
('Jóia da Realidade', 'As leis do universo físico podem ser quebradas ou eliminadas por meio da Joia da Realidade, pois ela torna qualquer desejo real. É a Joia do Infinito mais difícil de controlar e utilizar devido a seu poder vastíssimo, que pode sobrecarregar seu portador. A habilidade incrível de alterar a realidade de acordo com seus desejos faz dessa joia a mais perigosa de todas.');