INSERT INTO item (nome, tipo) VALUES
('Stormbreaker', 'A'),
('Mjölnir', 'A'),
('Arco e Flecha', 'A'),
('Escudo de Vibranium', 'A'),
('Manopla MK75', 'A'),
('Olho de Agamotto', 'A'),
('Lança Teias Comum', 'A');


INSERT INTO trocavel (nome, tipo) VALUES
('Stormbreaker', 'A'),
('Mjölnir', 'A'),
('Arco e Flecha', 'A'),
('Escudo de Vibranium', 'A'),
('Manopla MK75', 'A'),
('Olho de Agamotto', 'A'),
('Lança Teias Comum', 'A');

INSERT INTO equipamento (nome, tipo) VALUES
('Stormbreaker', 'A'),
('Mjölnir', 'A'),
('Arco e Flecha', 'A'),
('Escudo de Vibranium', 'A'),
('Manopla MK75', 'A'),
('Olho de Agamotto', 'A'),
('Lança Teias Comum', 'A');

INSERT INTO arma (nome, descricao, quantidade_maxima, valor, nivel_minimo, dano_maximo, dano_critico, rolagens) VALUES
('Stormbreaker', 'Forjado pelos poderes de um deus e a energia uma estrela combinados, na forja de um anão gigante em Nidavellir.', 1, 30, 1, 57, 81, 12),
('Mjölnir', '"Quem quer que possua este martelo, se ele for digno, possuirá o poder de Thor." - Encanto de Mjölnir', 1, 48, 1, 54, 88, 12),
('Arco e Flecha', 'Arco e Flecha do Gavião arqueiro', 1, 11, 1, 55, 92, 5),
('Escudo de Vibranium', 'Um presente do pai do Tony Stark, este escudo consegue resistir a poderes de qualquer natureza e qualquer magnitude.', 1, 81, 1, 62, 98, 14),
('Manopla MK75', 'A última versão da manopla do Homem de Ferro.', 1, 28, 1, 53, 96, 10),
('Olho de Agamotto', 'Amuleto usado pelo Doutor Estranho', 1, 125, 1, 82, 96, 8),
('Lança Teias Comum', 'Lançador de teias básico do Homem-Aranha.', 1, 12, 1, 42, 67, 5);
