INSERT INTO acesso_equipamento (equipamento, heroi) VALUES
( EQUIP , 'Helli Tremoulet'),
( EQUIP , 'Reed Scampion'),
( EQUIP , 'Reggi Clinkard'),
( EQUIP , 'Blinnie Arpino'),
( EQUIP , 'Maddi Heeney'),
( EQUIP , 'Anselm Langfitt'),
( EQUIP , 'Star Worlidge'),
( EQUIP , 'Anselm Langfitt'),
( EQUIP , 'Helli Tremoulet'),
( EQUIP , 'Dulcie Bezants'),
( EQUIP , 'Salem Fenne'),
( EQUIP , 'Reggi Clinkard'),
( EQUIP , 'Milo Heijnen'),
( EQUIP , 'Tymon Belchamber'),
( EQUIP , 'Dulcie Bezants'),
( EQUIP , 'Milo Heijnen'),
( EQUIP , 'Elva Nozzolinii'),
( EQUIP , 'Maddi Heeney'),
( EQUIP , 'Ashia Nethercott'),
( EQUIP , 'Salem Fenne');

INSERT INTO arma (nome, descricao, quantidade_maxima, valor, nivel_minimo, dano_maximo, dano_critico, rolagens) VALUES
('Tammy Reichardt', 'duis aliquam convallis', 11, 30, 86, 57, 81, 12),
('Tamara Mummery', 'mus vivamus vestibulum', 5, 48, 49, 11, 88, 12),
('Ali Wroughton', 'in hac habitasse', 41, 11, 74, 55, 92, 5),
('Hurleigh Presser', 'fusce congue diam', 17, 81, 42, 98, 25, 14),
('Sherline Preddy', 'accumsan tellus nisi', 43, 28, 35, 96, 23, 10),
('Gordy Parram', 'ipsum dolor sit', 42, 86, 73, 65, 83, 6),
('Kristin D''Elias', 'bibendum felis sed', 44, 28, 32, 10, 23, 3),
('Liza Fould', 'lacus purus aliquet', 39, 24, 76, 1, 37, 2),
('Annnora Eivers', 'penatibus et magnis', 44, 75, 90, 6, 53, 7),
('Benedict Worley', 'libero nullam sit', 5, 92, 60, 98, 69, 4),
('Lillis Drogan', 'magna ac consequat', 23, 26, 2, 33, 75, 12),
('Fleur Soanes', 'ut mauris eget', 48, 73, 95, 31, 10, 10),
('Merilee Blanking', 'ligula sit amet', 31, 34, 14, 33, 22, 10),
('Del Deerr', 'auctor gravida sem', 24, 15, 79, 14, 7, 1),
('Tabbi Wolsey', 'odio porttitor id', 45, 21, 99, 10, 100, 6),
('Ginny Johannesson', 'vitae mattis nibh', 47, 58, 100, 36, 12, 10),
('Myrlene O''Cannovane', 'sem sed sagittis', 44, 8, 65, 39, 13, 1),
('Prentice Moral', 'porta volutpat quam', 40, 22, 37, 89, 89, 10),
('Paulie Langrish', 'ridiculus mus etiam', 21, 66, 17, 52, 27, 12),
('Darci Assinder', 'tortor risus dapibus', 22, 58, 36, 40, 37, 12);

INSERT INTO heroi (nome, agilidade, vida) VALUE
('Elva Nozzolinii', 84, 142),
('Randell Blindermann', 51, 156),
('Helli Tremoulet', 67, 135),
('Dulcie Bezants', 93, 154),
('Salem Fenne', 99, 250),
('Tymon Belchamber', 68, 197),
('Carroll Bramwell', 71, 171),
('Reed Scampion', 50, 155),
('Ashia Nethercott', 93, 253),
('Lemuel Frantsev', 79, 117),
('Star Worlidge', 91, 216),
('Alleen Willoughey', 75, 194),
('Milo Heijnen', 58, 285),
('Maddi Heeney', 79, 275),
('Blinnie Arpino', 91, 210),
('Neall Sergison', 71, 183),
('Valentijn Copper', 86, 220),
('Anselm Langfitt', 55, 239),
('Reggi Clinkard', 94, 292),
('Trey Gerner', 61, 138);

INSERT INTO joia (nome, descricao) VALUES
('Jóia da Mente', 'et ultrices posuere'),
('Jóia do Poder', 'est donec odio'),
('Jóia do Espaço', 'cum sociis natoque'),
('Jóia da Alma', 'ligula nec sem'),
('Jóia do Tempo', 'justo sollicitudin ut'),
('Jóia da Realidade', 'quis orci nullam');

INSERT INTO luta (heroi, vilao, resultado) VALUES
('Erminie Gamon', 'Shelbi Raleston', 'D'),
('Jan Butterfield', 'Kelila Archbald', 'D'),
('Shir Stobbart', 'Ernesto Worrill', 'V'),
('Brittney Witherup', 'Merle Yankov', 'V'),
('Suellen Badby', 'Willa Nutkins', 'V'),
('Bertine Rizziello', 'Dion Clemencet', 'V');

INSERT INTO mapa (nome, ano) VALUES
('Indonesia', 1998),
('China', 2004),
('China', 1984),
('China', 2008),
('Mauritius', 2012),
('China', 2013),
('Indonesia', 2007),
('New Zealand', 2002),
('Canada', 2006),
('Philippines', 1993),
('Thailand', 1991),
('Japan', 2050),
('South Africa', 1402);

INSERT INTO instancia_heroi (heroi, vida, latitude, longitude, mapa) VALUES
('Tannie Stamper', 54, 13, 70, 8),
('Denys Lind', 7, 27, 74, 7),
('Brnaba Longhorne', 83, 78, 88, 6),
('Tamra Clarricoates', 17, 13, 83, 7),
('Jed Verman', 75, 55, 96, 4),
('Tamra Clarricoates', 21, 72, 55, 4),
('Tannie Stamper', 42, 7, 41, 8),
('Denys Lind', 70, 81, 13, 6),
('Holt Fawks', 39, 27, 91, 6),
('Brnaba Longhorne', 29, 76, 85, 7),
('Sultana Baldomar', 34, 45, 7, 11),
('Stephan Tögöldör', 53, 58, 97, 12),
('Sebastianus Garth', 12, 8, 75, 13);

INSERT INTO vilao (nome, agilidade, vida, experiencia, dano_maximo, dano_critico, rolagens, defesa) VALUES
('Erica Blancowe', 44, 91, 19, 44, 67, 14, 57),
('Baryram Littell', 64, 56, 62, 75, 14, 1, 66),
('Bennett Eakly', 11, 62, 58, 79, 43, 12, 84),
('Ki Quick', 83, 72, 96, 57, 41, 9, 46),
('Frasquito Queyeiro', 15, 98, 77, 69, 92, 2, 33),
('Torrie Mohun', 100, 22, 75, 31, 23, 11, 76),
('Gwenni Murray', 44, 56, 81, 29, 39, 14, 67),
('Allyson Scardifeild', 80, 42, 7, 98, 49, 6, 24),
('Leland Watmough', 47, 77, 51, 74, 24, 18, 40),
('Deni McLemon', 81, 37, 89, 25, 82, 8, 40),
('Joycelin Pleven', 18, 59, 82, 20, 92, 2, 42),
('Darby Ruoff', 86, 88, 28, 43, 46, 7, 51),
('Consuela Rosekilly', 94, 91, 94, 45, 30, 20, 49),
('Kevyn Evens', 5, 24, 17, 15, 65, 1, 4),
('Kliment Brockhouse', 58, 100, 74, 73, 31, 9, 62),
('Ilaire Caltera', 90, 59, 43, 76, 56, 7, 74),
('Roz Olexa', 94, 58, 57, 2, 7, 13, 56),
('Angel Bonellie', 75, 95, 4, 35, 65, 17, 73),
('Violet Schoales', 4, 83, 91, 3, 32, 7, 38),
('Marysa Ratlee', 72, 17, 63, 66, 22, 7, 77);