INSERT INTO acesso_equipamento (equipamento, heroi) VALUES
('arma', 'Rosana Eckh'),
('arma', 'Gusti Eberz'),
('traje', 'Marabel Linkin'),
('arma', 'Buckie Tomanek'),
('arma', 'Stevy Link'),
('traje', 'Betteanne Butterick'),
('traje', 'Christoforo Blackster'),
('traje', 'Halley Knutsen'),
('traje', 'Fredia Tapping'),
('traje', 'Dallon Temblett'),
('traje', 'Wang Kayes'),
('traje', 'Sean Goutcher'),
('traje', 'Meredith Wiffill'),
('arma', 'Yancy Boc'),
('traje', 'Pauli Asel'),
('arma', 'Janifer Povey'),
('traje', 'Padraic Whittington'),
('arma', 'Wesley Dewsbury'),
('arma', 'Martie Stretton'),
('arma', 'Dick Ensley');

INSERT INTO arma (nome, descricao, quantidade_maxima, valor, nivel_minimo, dano_maximo, dano_critico, rolagens) VALUES ('Tammy Reichardt', 'duis aliquam convallis nunc proin at turpis a pede posuere nonummy integer', 11, 30, 86, 57, 81, 12),
('Tamara Mummery', 'mus vivamus vestibulum sagittis sapien cum sociis natoque penatibus et magnis', 5, 48, 49, 11, 88, 12),
('Ali Wroughton', 'in hac habitasse platea dictumst etiam faucibus cursus urna ut tellus nulla ut erat id mauris vulputate elementum', 41, 11, 74, 55, 92, 5),
('Hurleigh Presser', 'fusce congue diam id ornare imperdiet sapien urna pretium nisl ut volutpat sapien arcu sed augue aliquam erat volutpat', 17, 81, 42, 98, 25, 14),
('Sherline Preddy', 'accumsan tellus nisi eu orci mauris lacinia sapien quis libero nullam sit amet turpis elementum ligula vehicula consequat morbi a', 43, 28, 35, 96, 23, 10),
('Gordy Parram', 'ipsum dolor sit amet consectetuer adipiscing elit proin interdum mauris non ligula pellentesque ultrices', 42, 86, 73, 65, 83, 6),
('Kristin D''Elias', 'bibendum felis sed interdum venenatis turpis enim blandit mi in porttitor pede justo eu massa donec dapibus duis', 44, 28, 32, 10, 23, 3),
('Liza Fould', 'lacus purus aliquet at feugiat non pretium quis lectus suspendisse', 39, 24, 76, 1, 37, 2),
('Annnora Eivers', 'penatibus et magnis dis parturient montes nascetur ridiculus mus etiam vel augue vestibulum rutrum rutrum neque aenean', 44, 75, 90, 6, 53, 7),
('Benedict Worley', 'libero nullam sit amet turpis elementum ligula vehicula consequat morbi a ipsum integer a nibh in quis justo maecenas', 5, 92, 60, 98, 69, 4),
('Lillis Drogan', 'magna ac consequat metus sapien ut nunc vestibulum ante ipsum primis in faucibus orci luctus et ultrices posuere', 23, 26, 2, 33, 75, 12),
('Fleur Soanes', 'ut mauris eget massa tempor convallis nulla neque libero convallis eget eleifend luctus ultricies eu nibh quisque id justo sit', 48, 73, 95, 31, 10, 10),
('Merilee Blanking', 'ligula sit amet eleifend pede libero quis orci nullam molestie nibh in lectus pellentesque at nulla suspendisse potenti', 31, 34, 14, 33, 22, 10),
('Del Deerr', 'auctor gravida sem praesent id massa id nisl venenatis lacinia aenean sit', 24, 15, 79, 14, 7, 1),
('Tabbi Wolsey', 'odio porttitor id consequat in consequat ut nulla sed accumsan felis ut at dolor quis odio consequat varius integer', 45, 21, 99, 10, 100, 6),
('Ginny Johannesson', 'vitae mattis nibh ligula nec sem duis aliquam convallis nunc', 47, 58, 100, 36, 12, 10),
('Myrlene O''Cannovane', 'sem sed sagittis nam congue risus semper porta volutpat quam pede lobortis', 44, 8, 65, 39, 13, 1),
('Prentice Moral', 'porta volutpat quam pede lobortis ligula sit amet eleifend pede libero quis orci nullam molestie nibh in lectus pellentesque', 40, 22, 37, 89, 89, 10),
('Paulie Langrish', 'ridiculus mus etiam vel augue vestibulum rutrum rutrum neque aenean auctor gravida sem praesent id massa id nisl', 21, 66, 17, 52, 27, 12),
('Darci Assinder', 'tortor risus dapibus augue vel accumsan tellus nisi eu orci mauris lacinia sapien quis libero nullam sit amet turpis', 22, 58, 36, 40, 37, 12);

INSERT INTO heroi (nome, agilidade, vida) VALUES
('Denys Lind', 64, 5),
('Aubine Mcimmie', 34, 25),
('Sholom Vynarde', 93, 96),
('Jed Verman', 4, 49),
('Verene Acklands', 45, 13),
('Tannie Stamper', 29, 65),
('Holt Fawks', 67, 34),
('Tamra Clarricoates', 91, 56),
('Merridie Girling', 21, 73),
('Brnaba Longhorne', 96, 51),
('Sultana Baldomar', 22, 71),
('Stephan Tögöldör', 45, 61),
('Sebastianus Garth', 23, 21);


INSERT INTO joia (nome, descricao) VALUES ('mente', 'et ultrices posuere cubilia curae donec pharetra magna vestibulum aliquet'),
('poder', 'est donec odio justo sollicitudin ut suscipit'),
('espaço', 'cum sociis natoque penatibus et magnis'),
('alma', 'ligula nec sem duis aliquam convallis nunc proin at turpis'),
('tempo', 'justo sollicitudin ut suscipit a feugiat et eros vestibulum ac'),
('realidade', 'quis orci nullam molestie nibh in lectus pellentesque');

INSERT INTO luta (id, heroi, vilao, resultado) VALUES (1, 'Erminie Gamon', 'Shelbi Raleston', 'vilao ganhou'),
(2, 'Jan Butterfield', 'Kelila Archbald', 'vilao ganhou'),
(3, 'Shir Stobbart', 'Ernesto Worrill', 'heroi ganhou'),
(4, 'Brittney Witherup', 'Merle Yankov', 'heroi ganhou'),
(5, 'Suellen Badby', 'Willa Nutkins', 'heroi ganhou'),
(6, 'Bertine Rizziello', 'Dion Clemencet', 'heroi ganhou');

INSERT INTO mapa (id, nome, ano) VALUES
(1, 'Indonesia', 1998),
(2, 'China', 2004),
(3, 'China', 1984),
(4, 'China', 2008),
(5, 'Mauritius', 2012),
(6, 'China', 2013),
(7, 'Indonesia', 2007),
(8, 'New Zealand', 2002),
(9, 'Canada', 2006),
(10, 'Philippines', 1993),
(11, 'Thailand', 1991),
(12, 'Japan', 2050),
(13, 'South Africa', 1402);

INSERT INTO espaco (latitude, longitude, mapa) VALUES
(13, 70, 8),
(27, 74, 7),
(78, 88, 6),
(13, 83, 7),
(55, 96, 4),
(72, 55, 4),
(7, 41, 8),
(81, 13, 6),
(27, 91, 6),
(53, 97, 7),
(35, 53, 11),
(67, 6, 12),
(55, 54, 13);

INSERT INTO instancia_heroi (heroi, vida, latitude, longitude, mapa) VALUES
('Tannie Stamper', 54, 13, 70, 8),
('Denys Lind', 7, 27, 74, 7),
('Brnaba Longhorne', 83, 78, 88, 6),
('Tamra Clarricoates', 17, 13, 83, 7),
('Jed Verman', 75, 55, 96, 4),
('Tamra Clarricoates', 21, 72, 55, 4),
('Tannie Stamper', 42, 7, 41, 8),
('Denys Lind', 70, 81, 13, 6),
('Holt Fawks', 39, 27, 91, 6),
('Brnaba Longhorne', 29, 76, 85, 7),
('Sultana Baldomar', 34, 45, 7, 11),
('Stephan Tögöldör', 53, 58, 97, 12),
('Sebastianus Garth', 12, 8, 75, 13);

INSERT INTO efeito (nome) VALUES 
('Força'), 
('Agilidade'), 
('Vida'), 
('Inteligência'), 
('Defesa'),
('Ataque'),
('Velocidade'),
('Resistência'),
('Magia'),
('Sorte'),
('Vulnerabilidade'),
('Invulnerabilidade'),
('Invisibilidade');

INSERT INTO imunidade_traje (traje, efeito) VALUES (); -- Missing traje 

INSERT INTO coletavel (nome, tipo) VALUES 
('Vinyl', 'J'),
('Wood', 'J'),
('Stone', 'M'),
('Espaço-azul', 'J'),
('Granite-345', 'J'),
('Brass', 'J'),
('Mente-Amarela', 'J'),
('Aluminum', 'M'),
('Plastic', 'M'),
('Steel', 'M'),
('Glass', 'M'),
('Platinum', 'M'),
('Alma-Laranja', 'J'),
('Poder-Roxa', 'J'),
('Rubber', 'J'),
('black-invisibility', 'J'),
('Realidade-Vermelha', 'J'),
('Tempo-Verde', 'J'),
('Granite', 'M'),
('Gold', 'M');

INSERT INTO trocavel (nome, tipo) VALUES 
('Home Ing', 'C'),
('Tin', 'C'),
('Keylex', 'C'),
('Otcom', 'T'),
('Asoka', 'T'),
('Vagram', 'T'),
('Redhold', 'C'),
('Toughjoyfax', 'C'),
('Sonair', 'A'),
('Daltfresh', 'C'),
('Zathin', 'T'),
('Holdlamis', 'C'),
('Flowdesk', 'A'),
('It', 'C'),
('Y-find', 'A'),
('Flowdesk', 'C'),
('Trippledex', 'A'),
('Bigtax', 'C'),
('Gembucket', 'C');

INSERT INTO consumivel (nome, descricao, quantidade_maxima,quantidade_maxima, efeito, grau, duracao, cooldown) VALUES 
('Trippledex', 'Sed sagittis. Nam congue, risus semper porta volutpat, quam pede lobortis ligula, sit amet eleifend pede libero quis orci. Nullam molestie nibh in lectus. Pellentesque at nulla. Suspendisse potenti. Cras in purus eu magna vulputate luctus.', '50', 'Tempo-Verde', '541', '0', '09246'),
('Y-find', 'Sed ante. Vivamus tortor. Duis mattis egestas metus.', '366', 'Tempo-Verde', '8716', '44842', '19047'),
('Sonair', 'In quis justo. Maecenas rhoncus aliquam lacus. Morbi quis tortor id nulla ultrices aliquet. Maecenas leo odio, condimentum id, luctus nec, molestie sed, justo. Pellentesque viverra pede ac diam. Cras pellentesque volutpat dui.', '5', 'Realidade-Vermelha', '7', '6028', '50'),
('Gembucket', 'In congue. Etiam justo. Etiam pretium iaculis justo. In hac habitasse platea dictumst. Etiam faucibus cursus urna. Ut tellus.', '56459', 'Realidade-Vermelha', '61', '535', '44'),
('Flowdesk', 'Nullam porttitor lacus at turpis. Donec posuere metus vitae ipsum. Aliquam non mauris. Morbi non lectus. Aliquam sit amet diam in magna bibendum imperdiet. Nullam orci pede, venenatis non, sodales sed, tincidunt eu, felis. Fusce posuere felis sed lacus. Morbi sem mauris, laoreet ut, rhoncus aliquet, pulvinar sed, nisl. Nunc rhoncus dui vel sem.', '45986', 'Gold', '007', '43881', '1910'),
('Flowdesk', 'Mauris enim leo, rhoncus sed, vestibulum sit amet, cursus id, turpis. Integer aliquet, massa id lobortis convallis, tortor risus dapibus augue, vel accumsan tellus nisi eu orci. Mauris lacinia sapien quis libero.', '52', 'Granite', '575', '113', '1188'),
('Bigtax', 'Praesent blandit. Nam nulla. Integer pede justo, lacinia eget, tincidunt eget, tempus vel, pede. Morbi porttitor lorem id ligula. Suspendisse ornare consequat lectus. In est risus, auctor sed, tristique in, tempus sit amet, sem. Fusce consequat. Nulla nisl. Nunc nisl.', '3', 'Gold', '84562', '3', '216'),
('Tin', 'Maecenas ut massa quis augue luctus tincidunt. Nulla mollis molestie lorem. Quisque ut erat. Curabitur gravida nisi at nibh. In hac habitasse platea dictumst. Aliquam augue quam, sollicitudin vitae, consectetuer eget, rutrum at, lorem.', '1369', 'Granite', '50', '014', '6'),
('Home Ing', 'Cras non velit nec nisi vulputate nonummy. Maecenas tincidunt lacus at velit. Vivamus vel nulla eget eros elementum pellentesque. Quisque porta volutpat erat. Quisque erat eros, viverra eget, congue eget, semper rutrum, nulla. Nunc purus.', '13343', 'black-invisibility', '1', '96', '50'),
('Bigtax', 'Fusce consequat. Nulla nisl. Nunc nisl. Duis bibendum, felis sed interdum venenatis, turpis enim blandit mi, in porttitor pede justo eu massa. Donec dapibus. Duis at velit eu est congue elementum. In hac habitasse platea dictumst. Morbi vestibulum, velit id pretium iaculis, diam erat fermentum justo, nec condimentum neque sapien placerat ante. Nulla justo.', '6925', 'Gold', '58', '9608', '8175'),
('Otcom', 'Nullam porttitor lacus at turpis. Donec posuere metus vitae ipsum. Aliquam non mauris.', '0426', 'Tempo-Verde', '9428', '7', '211'),
('Keylex', 'Phasellus in felis. Donec semper sapien a libero. Nam dui. Proin leo odio, porttitor id, consequat in, consequat ut, nulla. Sed accumsan felis. Ut at dolor quis odio consequat varius.', '59227', 'Gold', '969', '52', '80938'),
('Bigtax', 'Vestibulum quam sapien, varius ut, blandit non, interdum in, ante. Vestibulum ante ipsum primis in faucibus orci luctus et ultrices posuere cubilia Curae, Duis faucibus accumsan odio. Curabitur convallis. Duis consequat dui nec nisi volutpat eleifend. Donec ut dolor. Morbi vel lectus in quam fringilla rhoncus. Mauris enim leo, rhoncus sed, vestibulum sit amet, cursus id, turpis. Integer aliquet, massa id lobortis convallis, tortor risus dapibus augue, vel accumsan tellus nisi eu orci. Mauris lacinia sapien quis libero.', '32570', 'Granite', '0', '96191', '41797'),
('Asoka', 'Fusce consequat. Nulla nisl. Nunc nisl. Duis bibendum, felis sed interdum venenatis, turpis enim blandit mi, in porttitor pede justo eu massa. Donec dapibus. Duis at velit eu est congue elementum. In hac habitasse platea dictumst. Morbi vestibulum, velit id pretium iaculis, diam erat fermentum justo, nec condimentum neque sapien placerat ante. Nulla justo.', '7', 'Gold', '733', '6', '4'),
('Vagram', 'Proin eu mi. Nulla ac enim. In tempor, turpis nec euismod scelerisque, quam turpis adipiscing lorem, vitae mattis nibh ligula nec sem.', '0414', 'Realidade-Vermelha', '877', '899', '70261'),
('Redhold', 'Cras non velit nec nisi vulputate nonummy. Maecenas tincidunt lacus at velit. Vivamus vel nulla eget eros elementum pellentesque. Quisque porta volutpat erat. Quisque erat eros, viverra eget, congue eget, semper rutrum, nulla. Nunc purus.', '3179', 'Gold', '977', '898', '9'),
('Toughjoyfax', 'Duis consequat dui nec nisi volutpat eleifend. Donec ut dolor. Morbi vel lectus in quam fringilla rhoncus. Mauris enim leo, rhoncus sed, vestibulum sit amet, cursus id, turpis. Integer aliquet, massa id lobortis convallis, tortor risus dapibus augue, vel accumsan tellus nisi eu orci. Mauris lacinia sapien quis libero. Nullam sit amet turpis elementum ligula vehicula consequat. Morbi a ipsum. Integer a nibh.', '594', 'Realidade-Vermelha', '49', '5873', '797'),
('Bigtax', 'Duis aliquam convallis nunc. Proin at turpis a pede posuere nonummy. Integer non velit. Donec diam neque, vestibulum eget, vulputate ut, ultrices vel, augue. Vestibulum ante ipsum primis in faucibus orci luctus et ultrices posuere cubilia Curae, Donec pharetra, magna vestibulum aliquet ultrices, erat tortor sollicitudin mi, sit amet lobortis sapien sapien non mi. Integer ac neque. Duis bibendum. Morbi non quam nec dui luctus rutrum. Nulla tellus.', '69', 'Realidade-Vermelha', '45011', '02780', '0590'),
('Daltfresh', 'Lorem ipsum dolor sit amet, consectetuer adipiscing elit. Proin risus. Praesent lectus. Vestibulum quam sapien, varius ut, blandit non, interdum in, ante. Vestibulum ante ipsum primis in faucibus orci luctus et ultrices posuere cubilia Curae, Duis faucibus accumsan odio. Curabitur convallis. Duis consequat dui nec nisi volutpat eleifend. Donec ut dolor. Morbi vel lectus in quam fringilla rhoncus.', '08500', 'Gold', '1592', '34', '57312'),
('Y-find', 'Duis bibendum, felis sed interdum venenatis, turpis enim blandit mi, in porttitor pede justo eu massa. Donec dapibus. Duis at velit eu est congue elementum.', '11747', 'Gold', '9', '81292', '3527');

INSERT INTO consumo (heroi, consumivel, vezes) VALUES 
('Verene Acklands', 'Redhold', 1),
('Tannie Stamper', 'Otcom', 1),
('Merridie Girling', 'Daltfresh', 1),
('Sholom Vynarde', 'Gembucket', 1),
('Tamra Clarricoates', 'Daltfresh', 1),
('Verene Acklands', 'Daltfresh', 1),
('Stephan Tögöldör', 'Y-find', 1),
('Brnaba Longhorne', 'Gembucket', 1),
('Aubine Mcimmie', 'Flowdesk', 1),
('Sholom Vynarde', 'Trippledex', 1),
('Denys Lind', 'Y-find', 1),
('Holt Fawks', 'Redhold', 1),
('Verene Acklands', 'Sonair', 1),
('Tamra Clarricoates', 'Bigtax', 1),
('Denys Lind', 'Otcom', 1),
('Sultana Baldomar', 'Vagram', 1),
('Merridie Girling', 'Gembucket', 1),
('Verene Acklands', 'Tin', 1),
('Jed Verman', 'Otcom', 1),
('Tannie Stamper', 'Daltfresh', 1);

INSERT INTO efeito_arma (arma, efeito) VALUES 
('Ali Wroughton', 'Força'),
('Sherline Preddy', 'Velocidade'),
('Paulie Langrish', 'Sorte'),
('Ali Wroughton', 'Magia'),
('Hurleigh Presser', 'Inteligência'),
('Lillis Drogan', 'Defesa'),
('Kristin D''Elias', 'Força'),
('Paulie Langrish', 'Força'),
('Gordy Parram', 'Ataque'),
('Kristin D''Elias', 'Vida'),
('Myrlene O''Cannovane', 'Invulnerabilidade'),
('Fleur Soanes', 'Magia'),
('Benedict Worley', 'Agilidade'),
('Merilee Blanking', 'Defesa'),
('Merilee Blanking', 'Sorte'),
('Sherline Preddy', 'Invulnerabilidade'),
('Fleur Soanes', 'Ataque'),
('Merilee Blanking', 'Velocidade'),
('Kristin D''Elias', 'Defesa'),
('Fleur Soanes', 'Agilidade');

INSERT INTO vilao (nome, agilidade, vida, experiencia, dano_maximo, dano_critico, rolagens, defesa) VALUES ('Erica Blancowe', 44, 91, 19, 44, 67, 14, 57),
('Baryram Littell', 64, 56, 62, 75, 14, 1, 66),
('Bennett Eakly', 11, 62, 58, 79, 43, 12, 84),
('Ki Quick', 83, 72, 96, 57, 41, 9, 46),
('Frasquito Queyeiro', 15, 98, 77, 69, 92, 2, 33),
('Torrie Mohun', 100, 22, 75, 31, 23, 11, 76),
('Gwenni Murray', 44, 56, 81, 29, 39, 14, 67),
('Allyson Scardifeild', 80, 42, 7, 98, 49, 6, 24),
('Leland Watmough', 47, 77, 51, 74, 24, 18, 40),
('Deni McLemon', 81, 37, 89, 25, 82, 8, 40),
('Joycelin Pleven', 18, 59, 82, 20, 92, 2, 42),
('Darby Ruoff', 86, 88, 28, 43, 46, 7, 51),
('Consuela Rosekilly', 94, 91, 94, 45, 30, 20, 49),
('Kevyn Evens', 5, 24, 17, 15, 65, 1, 4),
('Kliment Brockhouse', 58, 100, 74, 73, 31, 9, 62),
('Ilaire Caltera', 90, 59, 43, 76, 56, 7, 74),
('Roz Olexa', 94, 58, 57, 2, 7, 13, 56),
('Angel Bonellie', 75, 95, 4, 35, 65, 17, 73),
('Violet Schoales', 4, 83, 91, 3, 32, 7, 38),
('Marysa Ratlee', 72, 17, 63, 66, 22, 7, 77);


insert into personagem (nome, tipo) values ('Aubine Mcimmie', 'V'),
('Brnaba Longhorne', 'V'),
('Sebastianus Garth', 'H'),
('Sultana Baldomar', 'V'),
('Sebastianus Garth', 'V'),
('Tamra Clarricoates', 'H'),
('Verene Acklands', 'V'),
('Sebastianus Garth', 'H'),
('Denys Lind', 'H'),
('Aubine Mcimmie', 'V'),
('Tannie Stamper', 'V'),
('Stephan Tögöldör', 'V'),
('Denys Lind', 'V');

insert into posse (heroi, item, quantidade) values ('Aubine Mcimmie', 'Plastic', 36),
('Tannie Stamper', 'Rubber', 27),
('Holt Fawks', 'Brass', 59),
('Denys Lind', 'Aluminum', 2),
('Sultana Baldomar', 'Glass', 86),
('Tannie Stamper', 'Vinyl', 42),
('Denys Lind', 'Aluminum', 41),
('Jed Verman', 'Rubber', 25),
('Tannie Stamper', 'Plastic', 81),
('Denys Lind', 'Rubber', 39),
('Merridie Girling', 'Rubber', 56),
('Sholom Vynarde', 'Aluminum', 83),
('Brnaba Longhorne', 'Platinum', 58);

insert into rastro (id, latitude, longitude, mapa, heroi) values (1, 5, 62, 5, 'Verene Acklands'),
(2, 86, 9, 2, 'Jed Verman'),
(3, 37, 47, 7, 'Sebastianus Garth'),
(4, 84, 86, 4, 'Sebastianus Garth'),
(5, 46, 80, 13, 'Jed Verman'),
(6, 53, 28, 12, 'Stephan Tögöldör'),
(7, 77, 4, 5, 'Verene Acklands'),
(8, 37, 3, 1, 'Jed Verman'),
(9, 28, 84, 7, 'Stephan Tögöldör'),
(10, 75, 76, 5, 'Sholom Vynarde'),
(11, 5, 97, 4, 'Verene Acklands'),
(12, 7, 45, 7, 'Stephan Tögöldör'),
(13, 86, 55, 12, 'Sholom Vynarde');

insert into recompensa (item, vilao, quantidade) values ('Aluminum', 'Leland Watmough', 22),
('Rubber', 'Marysa Ratlee', 3),
('Glass', 'Ki Quick', 49),
('Plastic', 'Joycelin Pleven', 24),
('Plastic', 'Ilaire Caltera', 95),
('Brass', 'Angel Bonellie', 53),
('Aluminum', 'Roz Olexa', 51),
('Vinyl', 'Ki Quick', 13),
('Platinum', 'Joycelin Pleven', 66),
('Brass', 'Gwenni Murray', 74),
('Vinyl', 'Frasquito Queyeiro', 4),
('Plastic', 'Torrie Mohun', 55),
('Brass', 'Marysa Ratlee', 13);

insert into traje (nome, descricao, quantidade_maxima, valor, nivel_minimo, defesa, agilidade) values ('Terno Festivo de Calça Preta', 'Traje comum', 74, 42, 57, 46, 59),
('roupa de pesca', 'Traje usado', 67, 83, 77, 76, 79),
('Traje de Festival', 'Traje usado', 41, 46, 17, 25, 41),
('roupa de pesca', 'Traje ruim', 98, 37, 84, 45, 9),
('roupa de pirata', 'Traje usado', 43, 56, 52, 12, 9),
('Roupa de fazendeiro', 'Traje supremo', 21, 90, 80, 49, 68),
('Terno Festivo azul marinho', 'Traje supremo', 92, 90, 26, 52, 40),
('Terno Festivo azul marinho', 'Traje comum', 38, 12, 64, 54, 10),
('roupa de pesca', 'Traje raro', 70, 42, 24, 40, 9),
('terno de Jantar Roxo', 'Traje usado', 29, 66, 11, 47, 11),
('Smoking', 'Traje usado', 72, 97, 25, 32, 38),
('Traje de Festival', 'Traje raro', 89, 19, 6, 39, 25),
('Regalia da Cervejaria', 'Traje comum', 74, 96, 17, 61, 11);
